module,theme,picture
1,1,https://docs.google.com/uc?id=116rp7GfTxLPNqeD0s3LfP5T3jON5GLCl
1,2,https://www.flickr.com/photos/203244821@N08/54656555048/in/dateposted/
1,3,https://disk.yandex.ru/i/rZ3RJMs3NzqNmA
2,1,https://i.ytimg.com/vi/71jVo6PXp5A/maxresdefault.jpg?sqp=-oaymwEmCIAKENAF8quKqQMa8AEB-AH-CYAC0AWKAgwIABABGGUgYyhaMA8=&amp;rs=AOn4CLAygxm0UgGRX15IkKTfecx_HvzeGw
2,1,https://avatars.dzeninfra.ru/get-zen_doc/271828/pub_67ff936ac8f61760577612a3_67ff93b5abfde60e8f296375/lazy_smart_crop_1280x720
3,1,https://avatars.dzeninfra.ru/get-zen_doc/271828/pub_67ff936ac8f61760577612a3_67ff93b5abfde60e8f296375/lazy_smart_crop_1280x720
3,1,https://openbelgorod.ru/attachments/62f904e8536460c0ccfb7e97f060672989622d51/store/crop/0/0/1120/630/800/0/0/0/26c7e661283caf295b37406acf6ceef79c3bbf8e50ebb55ee5435d84558e/26c7e661283caf295b37406acf6ceef79c3bbf8e50ebb55ee5435d84558e.jpeg.jpg
3,1,https://avatars.mds.yandex.net/i?id=e4f804fe03f0ed9dbcd72bb2ee34b7a6_l-5221393-images-thumbs&n=13
2,2,https://avatars.dzeninfra.ru/get-zen_doc/271828/pub_67ff936ac8f61760577612a3_67ff93b5abfde60e8f296375/lazy_smart_crop_1280x720
2,2,https://openbelgorod.ru/attachments/62f904e8536460c0ccfb7e97f060672989622d51/store/crop/0/0/1120/630/800/0/0/0/26c7e661283caf295b37406acf6ceef79c3bbf8e50ebb55ee5435d84558e/26c7e661283caf295b37406acf6ceef79c3bbf8e50ebb55ee5435d84558e.jpeg.jpg
2,2,https://avatars.mds.yandex.net/i?id=e4f804fe03f0ed9dbcd72bb2ee34b7a6_l-5221393-images-thumbs&n=13
2,3,https://drive.google.com/file/d/1i5clRRveh5B5BsYpY3Q1SvV2NyL_KQeP/view?usp=sharing