id,user_id,module,theme,title,content,created_at
1,1,1,1,Тема поста,"Содержание поста:

regular 🙏
<b>Жирный текст</b> 🛠
<i>Курсив</i> 😡
<u>Подчёркнутый</u> 🚁
<a href=""https://example.com"">Ссылка</a>😳",0
2,1,1,2,тема 12,контент 12,0
3,1,1,3,тема 13,контент 13,0
4,1,2,1,тема 21,контент 21,0
5,1,2,2,тема 22,контент 22,0
6,1,2,3,тема 23,контент 23,0
7,1,3,1,тема 31,контент 31,0
8,1,3,2,тема 32,контент 32,0
9,1,3,3,тема 33,контент 33,0
10,1,4,1,тема 41,контент 41,0
11,1,4,2,тема 42,контент 42,0
12,1,4,3,тема 43,контент 43,0
13,1,5,1,тема 51,контент 51,0
14,1,5,2,тема 52,контент 52,0
15,1,5,3,тема 53,контент 53,0
16,1,6,1,тема 61,контент 61,0
17,1,6,2,тема 62,контент 62,0
18,1,6,3,тема 63,контент 63,0
19,1,7,1,тема 71,контент 71,0
20,1,7,2,тема 72,контент 72,0
21,1,7,3,тема 73,контент 73,0
22,1,8,1,тема 81,контент 81,0
23,1,8,2,тема 82,контент 82,0
24,1,8,3,тема 83,контент 83,0